source_row,PC1,PC2,PC3,PC4,PC5,PC6,PC7,PC8,PC9,PC10
0,3.475531073,4.77719452,0.2384260038,4.348363423,-0.8997872977,0.5175687509,-1.700844986,1.870078718,0.02387894308,-0.4708427421
1,2.452062778,2.946317216,-1.577535924,3.470222404,-0.4441636834,1.889755956,-2.62038888,-0.1713883337,-0.04780916773,-0.479508771
2,4.298444892,4.747085795,0.8304613873,2.301139216,0.2018384562,2.165733222,0.2152008738,-0.538837669,-2.541192554,1.246120649
3,1.572824089,-0.2354363434,-0.7076994942,2.936319182,-0.1264428383,0.568320437,-0.9530957454,0.02049828665,-1.325697031,1.455851304
4,2.751025412,2.745174915,-0.5468540476,1.878224323,-0.6865321195,2.188522543,-0.7172823703,-0.5269393971,-2.31923234,0.409376126
5,1.480126279,3.990311392,-2.135614608,1.916393612,-1.194719926,1.40855294,-1.814734254,-0.7205366844,-0.4553131731,-0.1253198164
6,-0.8707634712,-3.756222687,-2.710053017,-1.253793536,-0.2176555499,1.151162271,-0.3737863444,0.3593482805,-1.965667736,1.578396561
7,-2.280385486,0.5084527645,-5.615967479,-2.105811637,-0.4070641587,0.1351304264,-0.8683538263,-0.41784452,-1.122775333,-0.1586528478
8,-0.8187929785,-1.77477341,-3.97836934,-1.878427252,0.224971015,-0.03162545468,0.8404521189,0.1657145726,-1.038807608,1.784450605
9,-0.5051304357,-3.771941016,-3.341709961,-1.587347151,0.2509748261,1.584316961,-0.1171486831,0.6623536527,-0.6887872799,1.251289426
10,-0.5222681177,-3.70457104,-2.811426515,-1.769499168,0.6958011136,0.418766066,-1.776776394,1.145686842,-0.07122202588,1.654689796
11,-0.6227594853,-1.44841727,-3.834850635,-1.250757832,-0.01921037468,1.443506628,0.9249765104,0.1666498488,-1.129673335,1.21127645
12,6.233033591,-0.9545640299,1.011977013,-3.823756725,-2.412370759,1.205446659,1.372629964,1.821753855,-0.2263037811,0.2081532429
13,7.920999879,-3.404832865,2.913570111,-2.786454041,-4.390732049,-0.06850600772,1.462647527,3.045431825,0.09512720501,-0.4271751787
14,5.202379846,-1.798396432,0.9242708808,-4.868269808,-1.688262954,0.05871163724,0.1724567358,0.9605267674,0.05027473208,1.410091213
15,7.657982483,-1.404652641,1.568616285,-3.286506371,-1.864264103,2.468597986,0.9426654973,1.714494455,-0.9260036596,0.4297283093
16,8.054481301,-0.2743167907,1.157132938,-4.100072276,-1.042305631,1.260442043,1.366943733,2.998550883,0.8779551195,-0.4569183399
17,5.864271234,-2.208795533,2.727907327,-3.618666985,-0.9916063337,0.7410068925,0.8405720148,3.549371533,-0.0485771294,-0.9400436782
18,-6.425377498,1.427947934,-2.31358844,-1.838571585,1.588233503,-0.4913225616,0.2219211808,-0.8635760247,-0.5866575924,-1.399836672
19,-4.806706498,-4.32800421,-0.1869399201,-2.634530717,3.321578461,0.8290994916,1.065438798,-0.1309677692,-0.2850459425,0.7035409848
20,-4.805133475,-0.5171777147,-3.099258318,-2.362645667,2.745528589,-0.1297379405,0.2464626171,0.1641124407,-0.07268237151,-0.4745679541
21,-4.154767868,-9.148548984,0.7805497999,0.7562632348,-0.06105458223,1.078192528,1.18371134,0.7081573017,1.231270559,-0.859378892
22,-5.595053647,-2.381067998,-0.3256125354,-2.841185078,3.45058927,1.389625765,-0.2845072183,0.5977756906,0.6628510002,-0.1154808564
23,-4.405043728,-3.685968187,-2.446996463,-0.1330084705,1.092624887,-0.389097064,-0.2724881796,0.6333134056,0.7912669545,-0.8687990148
24,-3.002774366,-2.351088959,-0.805818524,-0.6635850157,2.541707137,0.00367771036,-0.0906229488,0.8178819485,-0.137724984,1.219689791
25,-4.359273333,-2.117003916,0.1515906421,-1.390027696,1.876935766,-0.03681938497,0.03281588358,0.6438080602,-1.127697254,0.627425608
26,-4.155313552,-1.918666461,-0.7878482779,-1.244596167,1.992584963,0.3965600909,-0.373070521,0.8620825933,-1.069336422,0.8555451186
27,-2.634318626,-2.952432647,1.850648262,-0.4394678704,2.147408169,0.7900710241,-0.01517417377,0.7608601938,-0.3962521306,0.4428024164
28,-3.393407047,0.7147999231,0.3044323958,1.289816042,-0.2349086787,0.1267694081,0.08670269296,-0.9378683154,-1.315637756,-1.168899227
29,-1.680296153,-2.790177829,0.03423958655,-0.2619518195,2.325750359,0.8663649435,-1.244427561,0.6087138427,-0.123223173,0.6087159896
30,5.884067685,4.953877222,-4.61527531,-0.009801875731,4.623206751,-1.103684681,0.6640338302,0.8227541545,0.4839197482,1.949497851
31,4.594048323,-1.316601176,-3.35311984,0.4504480965,2.866975216,1.42104817,1.446241273,1.313826548,0.9943516586,2.142746202
32,5.008323723,2.910858246,-3.273026375,-0.6562018264,3.028423782,-0.9105658555,2.688059046,-0.1904368516,-0.7057591417,1.052055953
33,3.897169641,-2.565654543,-0.2908857033,-0.06049986047,4.211149247,2.128495512,-0.4276758533,1.350427391,2.446394706,1.335730835
34,3.847961393,-0.1258582246,-1.302972641,0.9505071969,2.176479354,-1.003276064,1.291518139,0.2787839542,1.011503296,1.653743121
35,2.800545963,1.687793609,-2.336221402,-1.077142167,2.088076892,1.184667784,1.874480124,-0.8435526901,1.882859853,0.1520963172
36,2.79667253,0.6429854697,-0.4185743421,1.798996306,-0.1206670641,1.130105548,0.5511764833,0.6018025481,2.15728698,-0.5634773991
37,2.775462298,-1.678620985,-0.907009648,2.307104875,1.00625681,1.944952478,0.37555623,0.07224806392,-0.2401659426,-1.209298585
38,2.217445113,-2.074499169,-0.03311518131,2.226850233,-0.07562919397,1.191570652,0.915676677,-0.9614075635,-0.6230257136,-0.7414014003
39,1.841812299,-2.522709624,1.012577408,1.949953159,0.04650812886,1.060150539,1.015359829,-0.7148115236,-0.06922550994,-0.5490872232
40,1.661080409,-1.461493418,-0.152252452,1.292352694,1.474229119,0.626626627,0.2009685053,-0.3446830379,0.003995310016,-0.7760466933
41,2.617115367,-1.687841789,-0.6722538089,2.057950202,0.1116774872,1.523737685,0.9624354198,-1.011105826,-0.06256366657,-0.6134451137
42,-4.120782742,-0.1865133651,-3.443492738,-0.5832259935,-0.3767518359,0.3398902435,-0.1689536658,0.7547739967,-0.5993345641,-0.2264865914
43,-4.636411229,-3.288729461,-1.378254042,-1.448679026,-0.4191964129,-0.272987773,0.2462026403,1.491772893,0.7388437012,1.742738551
44,-3.661076896,-0.0899434285,-2.048933556,-0.8187140329,-0.3237810968,0.08246701966,-0.1737662503,1.010477837,0.1711775129,0.1566549494
45,-3.029148498,1.674480421,-1.602037381,-0.3043742392,-0.7170105364,-0.5050261837,0.7664210804,-0.3453034076,-0.3381220694,-0.1690008904
46,-4.9669474,-2.310642606,-0.4682711607,-1.348867636,0.473318811,-0.6548939416,-0.5934687118,1.980766392,-1.663823109,0.4817184956
47,-4.22492961,-3.472345178,0.8129216848,-1.088639879,0.9088486414,-1.802502647,-0.3539248205,2.085026111,-2.58732345,2.201515528
48,6.02678225,-1.771138165,-1.832564062,-5.320378752,-1.84790485,-1.699099039,-1.811585811,-1.705487843,0.4530718748,-1.356968316
49,4.881893451,-4.426089957,-1.523483578,-4.169612554,-2.353691461,-0.3174248731,-1.214462839,-0.7641592051,-0.1823796814,-0.7181674709
50,5.965314257,-5.625525433,-1.326067244,-6.327812297,-1.469752534,0.7010014636,-2.609351347,-0.5954739643,-0.6058549871,-0.9763833948
51,5.244868835,-1.71756337,-2.113643596,-4.019319454,-3.363971466,-0.8916889522,-1.735203233,-2.554998058,-0.8507150932,-1.875206614
52,4.984538022,1.961044564,-4.789593774,-6.904822335,-0.6752530007,-0.4218796802,-0.8516311676,-0.8626392107,1.442487128,-1.566974038
53,6.015865435,-1.053601469,-3.092592276,-6.421288229,-1.463905857,-0.2023657092,-0.8707509319,-0.9008687565,-0.1884117428,-1.15290767
54,3.332377252,-3.962447548,-1.03226689,-2.237895925,-1.495686948,0.3856586355,1.115955972,-0.9281329134,0.8053921938,0.2844725355
55,5.541574096,-4.233981894,-0.2321767224,-2.127541995,1.915485327,-1.364937806,-2.945289345,0.6087559795,4.952903602,0.5377482969
56,3.410218668,-5.178675304,-0.7823955639,-1.86673108,0.3229458963,0.234999631,-0.7430386801,-0.6192178507,3.464887794,0.9641173527
57,4.300035709,-4.34447409,0.8616838343,-0.9026439298,0.2431456145,-0.1478677113,-1.362033717,-0.04173677942,2.940302959,-0.1409556799
58,2.291389817,-3.905718536,-0.5115156283,-3.02504731,0.4867681909,0.6027542605,0.7333315465,-1.083347852,-0.7465915032,-0.1228629168
59,2.181795442,-4.434579741,0.2438280644,-1.369795285,-0.8618962346,-0.4404011145,-0.03433049398,-1.604675534,0.05668873073,-0.2036891601
60,5.213830937,-1.237911997,-0.6249614583,-1.785399747,0.3608251063,-0.364355012,1.518257104,1.649273909,1.503158822,-1.607679053
61,2.04537094,-0.9041704067,-1.393398455,-4.029705232,-0.4185589774,-0.2341509339,0.8877000362,-0.6332347081,-0.4170721121,-0.3600755278
62,3.435791639,-3.056800063,-0.5736135304,-3.301617578,0.8648653218,-1.319218558,-0.1408830915,0.9884030247,1.982042028,-1.140258557
63,5.532384131,-0.3133596664,-1.140094063,-3.981982169,0.5557515744,0.2765186158,0.7725453421,0.3902404784,-0.3262316127,-0.7237558509
64,4.9033143,-2.878185777,-0.5629885225,-2.532497401,0.8834269029,-0.8786138753,0.8317654308,1.331937509,0.5783797157,-0.8362096136
65,4.996699401,-3.361479881,-0.8332361383,-2.487348111,-0.1547870261,0.3524622409,0.6701317897,1.257642523,1.041108508,-0.6009270745
66,3.766077119,1.484938578,-3.375185812,2.526473864,0.04487398639,-0.1981173007,2.229295625,-0.6145906108,-2.028048085,1.106533402
67,0.9718606942,-3.0426219,-3.576995008,1.359503748,0.719176547,1.11689315,1.248363748,1.399241584,-2.1678861,0.06248886418
68,1.368690726,-3.042255046,-3.353197971,0.1883238495,1.517574504,-1.202807488,2.213322046,0.1265558154,-1.900431933,1.332250309
69,2.906455545,-0.4492794845,-2.351399242,3.263733941,1.455938975,-1.43788758,0.8841714145,-0.1582241258,-1.931350681,0.5171546746
70,2.592636732,-2.844721041,-1.883505427,1.676992344,1.346629377,0.6958785663,2.320402161,0.2805664874,-2.628661895,0.7141954116
71,-0.00137940327,-1.467337206,-2.236364633,0.4301785453,2.529637902,-1.850562587,0.9357316566,1.505047686,-3.02298569,0.6070176372
72,-2.339858207,1.938739503,-1.849074816,0.1938354941,-1.542669371,-1.256398932,1.260435585,-1.465466261,0.9514140124,-0.533214136
73,-3.41890196,1.47035572,-2.52975933,-0.7510637483,-0.383274741,-1.38732043,-0.6097494582,-0.4618131051,2.693361171,-0.2939250702
74,-5.071580277,-0.5868155343,-1.684008835,-0.564022096,-0.9468007263,-1.399859513,-0.9820023315,-0.4551792371,2.531552864,-0.3254678101
75,-3.820963491,0.6345205654,-2.195256226,-0.7137872643,-1.353241886,-1.652877758,0.7760848056,-1.394227881,-0.8162126207,-0.2780782754
76,-4.55836779,0.6386148276,-1.954132665,-0.3196381724,-0.6423668031,-0.9520098129,-0.3986807091,-0.4072426865,1.449852277,-0.2425582176
77,-4.054145953,0.4208864515,-1.241830878,-1.39904548,-0.8890481463,-0.9201480985,0.06666743844,-0.8142911231,0.8590369979,-0.04278418328
78,6.324913894,4.840953645,2.298676816,3.632621055,2.514881114,-3.896337024,-1.181774997,2.82461746,0.2275913916,1.808261047
79,6.521142566,4.38008182,1.03837468,3.067108413,2.998966158,-3.666354992,-0.433981131,0.4138713849,1.111048472,1.771175023
80,4.34389359,0.854937485,0.6903682577,2.821475118,1.876906585,-0.3122483368,-0.1217979373,2.118435295,-0.2665474817,2.698067151
81,6.387404354,4.836954279,1.903628893,2.842974534,0.6289050976,-0.3980808564,0.5012610135,2.363674784,-0.2976623202,1.304448607
82,7.114608958,5.032206869,4.011990045,2.220902234,1.785021728,-2.026407631,0.3907090723,3.170619704,-0.6297707241,0.4120161871
83,5.062380169,5.863159631,1.901288656,1.580151936,1.851540421,-2.096980664,-0.3519076402,0.7034718014,-0.3669319371,1.989296161
84,0.09501520018,0.9462164892,-1.953612075,-2.740989692,-2.761377258,-1.890393073,-2.882767431,-0.3334169339,-0.1343408308,-0.08612591275
85,-1.634594103,-0.5375482222,-0.5593763845,-2.912334273,-3.085171977,-2.818250981,-2.255436599,-0.4865488139,0.3053401889,0.6675871361
86,1.444043964,1.015364672,-1.170817988,-1.943173047,-3.175630229,-0.711040545,-1.154205753,-0.2033700769,-0.2898200796,0.5044075429
87,2.434745848,6.84468327,-6.988321967,-6.041124401,0.9281227991,-0.3077507622,-1.766956594,0.1802615573,-1.949311036,-0.392253644
88,0.240967133,0.721468285,-1.952768973,-2.167109666,-3.559589601,-1.363609635,-1.972683258,0.3834074737,-2.213982798,-0.535081569
89,-0.2039575524,-0.6540043211,-2.006757709,-2.799325692,-1.982659018,-0.3684863389,-2.515626443,0.4508805683,-1.941260872,-0.4754554594
90,6.024346598,1.083314304,-0.5404159884,2.809113161,0.5578334369,1.313112178,-0.4960597997,2.767455319,-1.196558218,-2.212977139
91,5.370556928,0.5767650281,-0.8035711922,1.722743957,0.5794395279,3.053962354,-0.4084802914,-0.6001543035,-2.053355174,-0.7387775492
92,5.304528653,-0.9559541712,-1.132314952,1.067006811,0.5518959825,0.2199815375,-1.639974686,1.269801427,-1.291924665,-0.952768056
93,5.464831717,0.6864618139,-0.4653938096,2.145629469,1.217730796,0.5838647387,-0.2309201743,1.03457962,-2.255739044,-1.743370465
94,6.225036056,0.955231757,-0.6941574844,2.064430298,0.3236051802,3.359854624,-0.2982015234,-1.578120801,-1.677186234,0.5858398724
95,6.595702122,3.187615119,1.295715592,0.3541982299,-0.4021320236,-0.8068115888,-1.434885644,5.04217333,-1.068726368,-2.593913202
96,6.184322598,0.2217320508,0.4153259755,1.780568707,-2.608888607,0.8368220619,4.768781447,-0.09503496898,1.073940849,0.2698731513
97,4.930575483,0.9041820201,-0.08052476125,0.4077667434,-0.3633733778,-0.1157267898,3.699925185,1.269522492,2.230227692,-0.6282231061
98,1.938131908,-1.048417471,-0.5499059662,-0.8246992931,-0.9405831311,-0.5041831713,4.257670767,-0.6350848092,0.9485395153,0.4471136496
99,0.517032773,-0.8307337288,-0.9826150928,0.7397835412,-1.619063979,-1.152281739,3.073528469,0.4519141723,2.17569218,-1.350629409
100,0.07381072868,-0.2163596459,-0.03714071661,-0.7196142306,-1.337791826,-1.503343965,3.135575663,0.5192643726,2.028613815,-1.027346365
101,-1.325933699,-0.6717692528,-1.288628326,-1.539980004,-0.4069774996,-1.687960267,3.260109417,-1.686107666,1.190486395,-1.025550181
102,1.494473115,2.893058919,-2.057902617,1.197306239,3.215131133,0.2145609713,-0.4179795057,-1.566434995,-0.839806517,-2.676417041
103,0.59006176,2.484439255,-1.661410393,1.721417233,3.406652942,-2.790097781,-0.4331993299,-1.351835163,1.156007983,-1.505486552
104,-1.774182008,0.4692424427,-1.756857938,0.0617066399,2.921473297,-2.472855953,1.593775754,-1.996500831,-1.506574287,-1.875930836
105,0.1963225661,2.985517719,-1.76333498,1.750607852,2.116379034,-0.5061711562,1.037936953,-1.307000117,-0.8021688249,-3.299459804
106,-0.150335601,3.095038189,-1.793251908,0.4516136992,3.123461731,-1.060205643,0.8892528473,-1.596908427,-0.2959919846,-2.062180001
107,2.251054258,3.391060655,0.398264325,0.5836681939,2.378105095,0.7363694911,2.428519893,-3.055943697,0.5922263563,-2.323395151
108,-2.557166793,-5.541268586,-7.130610175,2.180250342,0.1728595848,-0.779931777,-1.176257789,2.094003115,-0.3769680691,-0.03048566728
109,-2.808084647,-6.640482995,-7.107655837,3.562088013,0.4854515223,-1.032529717,-2.91148695,2.926144517,1.314980711,-0.09783815006
110,-3.908869573,-3.785131363,-7.65835986,4.176898552,-1.262445105,-2.321307096,-3.147692647,1.839641825,1.673797933,-1.128733707
111,-2.36357702,-1.956975149,-6.873282957,4.060123515,-2.437977094,-0.8931936642,0.2177182847,0.3447706076,-1.418076129,-1.083286048
112,-4.31121902,-5.398636441,-7.429364123,3.974027885,-1.389619507,-0.5109584572,-2.238533245,1.830780172,-0.4815016601,-0.9317484306
113,-2.356663454,-4.584647182,-6.233204798,4.153134956,-3.004075054,0.4752105926,0.02299885219,0.8410861068,-1.67730731,-0.6155261779
114,-4.704068192,0.1883884086,-2.227410755,2.235935672,-0.6823492665,-0.2686151696,0.01915230858,0.5104571529,1.038220264,-2.509502472
115,-3.024741608,-1.122031553,-1.893475142,1.045851757,-0.05914043911,0.1817733174,0.835494859,1.011103195,0.5908106351,-0.5269304417
116,-2.819957879,-3.604619125,0.5920774425,1.544837224,0.6321027873,-0.4042844237,1.990090248,1.124862473,1.132627774,-0.1008009057
117,-0.4281836633,3.587770935,-2.006111295,0.3383306238,0.1263032088,0.7762900216,1.011551475,1.967141905,0.3292025148,-0.6521901321
118,-1.168663963,-0.8298857417,-0.08061445685,1.808199019,-0.9834175286,0.02850129305,1.690559904,1.942220445,2.190601062,1.434517745
119,0.03008970238,7.710891478,-2.812662098,0.2398937261,-0.8923439624,-0.4319379856,1.92105259,1.597158712,3.310812902,0.3607256008
120,-0.3054532879,0.4013430183,1.013609565,2.006473956,-1.095719384,-0.01600132295,1.567363623,-1.259077629,-0.6015560005,0.2647505164
121,0.08658710993,0.1339595499,-0.5585237071,3.511774563,-1.143153741,-0.03947213526,-1.246849983,0.280456484,3.347111408,1.805455535
122,-1.934608872,0.6406110381,0.5440616221,1.202535177,-1.037329345,-0.5255381885,0.8671395235,0.5832929306,0.005076930449,-0.08150830254
123,-3.468744235,0.9991225935,0.9392000188,1.879497445,-1.603858307,0.302755081,0.3806404721,1.043624089,-1.407009369,-0.5855067536
124,-1.275659245,2.251685169,0.3395438022,1.514846981,-1.109253801,0.09425170096,0.8949221808,0.6979651821,0.9199002589,-0.3598078658
125,-3.982519747,-1.172678372,0.8124590415,0.9986511587,-0.8346690082,0.4849748694,0.742490674,0.1633392561,-1.057580749,0.9541814221
126,-1.940852862,-1.22600271,-3.485686789,2.258775111,-1.118704794,1.217669315,0.9261722314,-0.4238108182,-0.8131434017,-1.166102811
127,0.5544309074,-0.1747236551,-2.259381981,3.798199657,0.8983216315,-0.6713186147,-0.4786025133,0.6310211229,1.023116637,-0.6658285609
128,0.1122804012,-1.928934411,-4.209215584,2.225169309,0.3994734735,0.2425254097,-0.1004465812,2.665733922,0.990016028,-2.895313111
129,-2.077078092,-1.286830922,-2.383350411,3.155155263,-1.211070153,1.020687854,0.4468098011,-0.5608482026,-0.2145467168,-2.410259383
130,-0.9796337479,-0.04130049294,-0.8844756985,2.235819091,-0.1192821938,0.8599280295,1.66201022,-0.5869024352,-0.4661868827,-1.80143804
131,-1.469230749,-1.595340366,0.08462225838,1.520467334,0.12242731,2.334951597,1.624893545,-0.5687310676,-0.5170825123,-1.092192375
132,1.959088889,-5.98075491,5.917194145,-0.3835350428,-0.1104487322,0.399714741,1.826803286,0.8840946205,-1.704546411,-0.3149751243
133,0.3558003764,-6.537849042,4.878299151,0.2950669375,1.172817672,-0.5661029858,1.8926535,-0.2278915361,-0.5566953934,0.800179904
134,-0.156578338,2.173148187,2.47226664,-0.56655308,1.503278957,-1.455791752,1.574845182,-0.9776391117,0.2415431018,0.2339559792
135,1.956785659,-0.02162909286,1.679834016,0.04286307153,0.8196563066,0.8738318056,1.901823776,-1.99491488,0.1862640265,-0.7287253563
136,0.7159146362,-0.2106742462,5.369329536,-1.403831823,1.097475318,-1.768334398,0.7447258105,-1.142896026,-1.6214906,-0.09557690684
137,-2.110153325,4.376483357,1.390441818,-2.009647972,1.687575789,-0.4345920853,0.8662753277,-1.106289018,-0.2491665382,0.6502125243
138,-0.02670828029,-0.401193063,0.4979685672,2.962137162,-0.7282498741,2.719633405,-0.8387390621,-0.8521509599,-1.152781115,-0.2010523532
139,0.4387204146,0.6498135982,2.068987099,1.221836187,0.303728036,2.394657294,-0.7511859639,0.4624012698,-0.5874015341,0.0330411493
140,-1.306096686,3.242630604,0.6286084954,0.288619582,-0.4024062049,1.807641928,-1.190141088,-1.159311417,-0.9031057517,0.3892509666
141,-1.488936921,3.830773711,2.376212706,1.472962684,-0.6600590026,1.683691279,-1.671800479,-0.5235402086,0.3335505241,-0.9858556549
142,-1.568255503,4.904874172,0.2090202342,0.2417889144,0.7897753196,2.081656148,-0.6615238694,-0.3873141768,-0.854039232,-0.3650440403
143,-1.523473537,2.980500637,2.089487645,0.08566393797,0.4141273296,1.902579453,-1.874678657,-0.7798401534,-0.02548792144,0.7465784186
144,1.237764828,3.504210526,5.362237259,-0.2926186567,-0.7975268463,-1.079454202,-0.4232003265,3.655465512,-0.5818270705,-0.939239237
145,-2.02331237,1.616378996,5.645365114,-0.6490661723,-1.873151985,-2.611203704,-0.2150318001,3.436029173,-1.689561201,-0.6729933102
146,0.1960109117,-0.4796042905,6.923242018,0.5019428007,0.1529992713,-3.040569282,-0.3836818637,3.9200142,-0.0975516576,-1.04458995
147,-0.249441345,1.04169,5.661139895,0.3474104495,-2.035440691,-4.453247846,-0.03107587011,4.53227129,-1.655824933,-3.033784491
148,-0.7195081997,0.6187750637,5.746616482,0.7563460983,-2.167552059,0.2463086878,-0.5762669626,2.817578678,-2.303881759,-1.804228394
149,-1.874588387,2.034130614,5.172944683,0.279280509,-1.943597876,-1.641926389,-0.8971606545,2.509232606,-1.070888273,-1.699535315
150,-3.205433745,-8.034117683,3.847988493,2.659738764,1.295939194,-0.2351452846,-0.5559305542,-0.6368351706,0.5657056015,-1.65259158
151,-2.456444757,-7.974753682,4.094170936,1.423360936,1.279739665,1.719761234,0.1950579713,-1.851544744,0.05277742611,-2.361924325
152,-1.75756464,-7.303190933,3.857491752,1.708489003,1.397856085,0.6417077413,0.3018941461,-1.450048418,0.2736650322,-1.282662328
153,-7.42217748,1.697131929,4.500106497,-2.056844792,2.499232623,0.0991605306,-1.16773003,-1.464532577,-0.4943080791,-1.317627305
154,-5.965994293,2.44179502,2.715433446,-1.304538097,3.051352064,-2.235509535,-0.8908891535,-0.6622969362,-0.6777388008,-0.7705056863
155,-5.658094881,0.2246478668,3.61087074,-0.8352962605,1.479007449,0.005929821973,-0.372395363,-1.189927024,-0.0778004619,-0.9268586468
156,8.225036397,8.696701056,-1.023862385,0.4414217234,-2.844301802,2.527657981,1.05542533,0.2345831564,0.8678821402,2.701211672
157,-2.57677998,5.682623019,-2.278140621,-2.544151697,0.7042568488,-0.2348508176,-0.5044570786,-0.5308546489,-1.464265792,0.1204998528
158,1.247085946,5.331532196,-1.066613031,-0.01570187373,1.121419408,-0.01619286263,-1.760732266,-0.778688013,-0.3754326218,-0.1807699934
159,0.09395914418,5.702788922,-1.86822896,-2.698943696,0.8340826106,-1.124129577,-1.124861426,-0.568706469,0.1062181096,-0.3733592341
160,1.317252213,4.293119448,0.9679075913,-1.526010985,-1.56620592,0.7800005863,-0.2254201509,-0.848236873,0.03603698084,0.7936132301
161,-0.2448295506,5.557480339,-1.857237238,-3.551842605,-0.04367094562,-0.6182813803,-0.5246491077,-0.4841811177,-1.350199953,0.5095632264
162,-4.214204477,1.493256425,-1.474465226,0.7716358829,-2.541574342,-0.4100409873,-0.4869123052,-0.7773943075,-0.8260483509,1.687300558
163,-3.749780584,1.087382001,-0.6407680856,1.222373175,-1.144171003,-1.739547957,-0.2755624817,-0.9882452814,-1.726054641,1.311183033
164,-5.134271366,2.481847078,-1.325975241,1.990168092,-3.375712574,-1.137039898,-0.2357388449,-0.6973903235,-0.9780240343,0.2368505529
165,-2.665822458,-0.2069819124,-0.2777937647,2.694834568,-1.600823198,0.02069162811,-1.501274777,-0.1013096269,0.681334918,1.348789125
166,-3.118175513,-0.06679702428,0.6513318612,1.384423512,-2.747141034,-1.986459173,-0.568560944,0.6824364013,-1.431750963,0.5656598847
167,-4.255329761,1.510185389,-1.316944338,1.874439072,-1.363324411,-1.368050197,-1.610903018,-0.3419172941,0.2627239229,0.616379288
168,-5.936486904,-1.822266291,1.269169418,-2.129688969,1.354877369,0.6271510262,-2.125852372,1.513896912,-0.9378265125,2.151890948
169,-2.237015664,-3.458442559,2.728277863,1.310030523,-2.970809592,1.174018862,-2.277027426,0.1685043291,1.544211643,2.921145768
170,-7.172530643,0.05595089308,0.7263881329,-1.657644446,-0.2985256708,0.04089414445,-1.44722093,-0.287334756,-0.7239627873,2.27014534
171,-5.162506695,2.997273177,-0.2041296121,2.916512972,-2.829881498,-0.1686565056,-2.332394661,0.835416757,0.4815981574,-0.0208213786
172,-1.530273116,-4.888300316,5.007874322,-1.534303226,-1.556010845,3.309633527,-2.78694489,1.837806432,-0.09622093324,0.3214375597
173,-5.068078089,-2.347711584,2.173820668,1.003641825,-0.6380972983,2.156788009,-1.381813158,0.8418828584,-1.349049852,1.554747094
174,-2.648679846,-10.25200017,3.113334969,-0.113813006,-0.2756051054,0.1743370072,1.742993128,-0.9036489044,0.6096923255,0.3368833934
175,-5.536051134,-4.195304597,1.679886749,1.243815864,-1.797698545,-1.227759153,0.2428573262,-1.424750427,0.7855658872,0.405233075
176,-5.806698758,-8.269793833,3.167298413,-0.8760301859,1.197548238,-0.7935974555,-1.115817858,0.2942753662,1.582144152,1.719791932
177,-4.579415456,-7.189463825,2.001792932,-2.126210709,1.770286062,1.612155887,-0.1516687885,-0.5022855851,-0.561947378,-0.6008505179
178,-3.026683119,-7.558787446,3.525995734,-0.2623089741,-0.2043253199,-0.05418042859,0.7186938717,-0.9044704512,0.6149474457,0.753003001
179,-3.777207243,-6.198157423,2.756082959,-2.207593347,2.285022794,0.4217489019,-0.3053059461,-0.2632729804,-0.08605930092,1.119597635
180,-4.926505433,4.272621001,2.144683548,-1.867474207,2.175896919,0.6327802771,-0.9121318457,-1.550777701,0.6673967136,-1.470968597
181,-4.20630295,4.242094956,1.914026285,-0.7957609188,1.320010585,-2.593456515,-0.5984059272,-1.371228069,1.125919914,0.1078723419
182,-4.436286167,3.761572449,1.973853971,0.1960099571,-1.043482507,-0.3627760961,1.163394924,-1.732552748,1.460796495,-0.9542851131
186,-1.763430037,3.349565514,-1.462998473,2.60883547,-0.8898056007,0.1013303767,-0.8208980264,0.06246973398,2.104764947,0.6429075192
187,-0.8596100281,-0.03904388034,0.477036968,0.6219892241,1.137885026,2.216883825,0.5924999015,0.4118307866,1.537421318,1.22765678
188,-0.8779241157,2.39790912,0.4801805591,1.712032796,-0.2496585503,1.326299563,-0.8832165429,-0.1334618745,1.466968747,0.662135979
189,-2.177678946,2.972576446,-0.2356127397,2.523961481,-0.9018805206,0.3667301314,0.3644713299,-1.081167842,0.3718818572,-0.58960228
190,-1.39255318,-0.5943572929,1.670123761,1.68834965,1.775909127,2.166093207,-1.206199312,0.9266993589,1.169624029,0.658520748
191,-0.8623711728,1.498864062,0.8158668051,1.58337053,0.4062151797,0.3177095534,0.87353343,-0.4042160328,-0.03565962158,0.2644051031
192,0.6571911222,4.206769154,2.626386646,-0.3282884075,-0.74805341,1.344344526,-0.8689976354,-1.043698676,-0.05515865761,-1.311127888
193,0.4515629173,5.006789489,1.974605901,-1.120865525,0.1452612817,1.248306848,-1.25506218,-0.04957638594,0.01031806963,-1.98077987
194,0.9354731513,5.220787031,2.363961554,-1.426219506,-1.521032241,0.6679494803,-0.5824920325,-1.779608497,0.04586056323,0.4384214012
195,0.9210029805,6.640113046,0.8363890608,-1.727924366,-0.795612943,2.175809405,-1.738815463,-0.7667380983,-0.7839217628,-0.2256260894
196,-0.1976894557,5.833946088,1.293554692,-0.6430255238,-1.009762037,1.88472266,-1.60944635,-0.5846034875,-0.09222864261,-0.19878159
197,0.9536986065,5.937638333,1.972875454,0.710779328,-0.8700387213,2.108551172,-1.101579394,0.09541145172,0.1489224499,-0.08541282258
198,-2.338031717,1.590152511,1.720628666,-1.477631231,1.316863102,2.452125962,-0.894871047,-0.6936277397,-0.9824305269,0.7189992885
199,-0.2091820247,2.48385497,-0.1901388158,-1.553309394,3.913747722,1.200697824,-1.622275358,0.306107228,-0.008487321771,-0.2478431936
200,-4.187968991,5.88468744,3.157967709,-1.706750444,3.610334964,-0.5486467445,-2.750061942,0.4657402519,1.100584065,0.2617624743
201,-2.202607203,2.146033243,1.478623105,-1.393247311,3.207879849,1.70222029,-1.140472508,-0.2643299194,-1.398801657,0.8794036058
202,-1.422282302,2.268634688,1.374157332,-0.5563715716,2.885819732,2.363523224,-2.244784136,0.0498122046,0.6516116914,0.4390620443
203,-2.649032956,4.458751421,0.6806915294,-1.39977988,2.025608252,2.243736149,-0.9953987929,-0.6278194459,-1.161177125,0.4500098794
204,4.923891907,3.652410765,-2.465589607,-0.1400744835,2.09826658,0.8399076969,0.7490627327,-0.5309683357,0.07599760485,2.125455213
205,1.624431023,1.123294751,0.9909163286,0.79976461,-1.90888616,1.083896156,1.230273538,-0.8989214265,1.031184523,1.000870514
206,3.628241179,1.748377558,0.6405942558,2.057024849,-0.51707497,1.514155025,0.7501780244,-0.5961968947,1.783602533,0.8859696315
207,6.499877665,-0.1108978094,1.472558731,1.123021578,-1.697326942,0.5356622423,-0.36571602,-1.3128865,0.3131838135,0.2486864231
208,3.532004826,1.513092159,1.474017412,1.907949822,-1.936329088,1.641195103,-0.4689709419,-1.481665593,0.9887171296,0.2442028938
209,3.17828264,2.700159456,1.426520811,1.341519484,-1.447188288,1.061412362,1.119915856,-0.6095624046,1.134551986,1.017237098
210,9.46738368,-3.560748362,2.702659863,2.149591009,-2.396371503,-2.517892787,-1.961595232,-4.787619393,0.3527188969,0.5178408971
211,11.36721153,-9.336580383,3.823023241,3.403787989,-0.2707745685,-2.209784631,-1.97032283,-5.629372647,-3.161623694,-0.7029745607
212,8.192712787,-3.236266709,0.4532185522,-0.5618902761,-0.7806059198,-2.70683946,-0.8490875679,-2.531620782,-0.4523646934,-0.2674421556
213,10.0534247,-6.405445088,1.569910149,5.881975493,3.400395337,-4.617289792,-5.184769438,-2.316232651,3.202866011,1.719069822
214,8.001935791,-6.950284488,2.135832939,0.1986646997,-1.234312008,-1.756455855,-1.717804594,-3.085757433,-2.510433294,1.083643732
215,9.05547381,-2.498878225,0.8086267234,1.448573983,0.06834249588,0.1711106694,-4.44191981,-2.178035982,2.276914222,-1.14300902
216,0.4154702313,0.4244593457,-0.6609644196,1.206103632,-0.9762483582,1.277277374,2.511759928,-0.6530161278,-0.3971565927,1.657983483
217,0.6959701086,-0.9528988983,0.983200011,2.095329476,2.439531881,-8.886242685,2.584070142,-2.075354885,-4.44012303,1.891425319
218,-0.3504969972,0.087550881,-1.669397836,0.559380105,-0.5762629168,-1.900057344,2.510390001,-1.421853574,0.5311393769,0.1473390142
219,-3.817706355,0.7890154725,-0.1929649512,-2.188397917,0.4791439973,1.309832359,0.8254666084,-0.575569277,0.0747141074,0.4490770309
220,-3.846390863,-4.562917407,2.067284404,-0.03999203461,0.04597388558,0.9891070755,0.8094003256,0.2471112814,-0.3597276561,0.5154720773
221,-3.845593796,1.717135178,-0.7876210709,-2.547353184,1.117359167,0.2442590687,0.5007747969,0.235915629,1.430794337,0.4851955595
222,-0.7282171584,0.6959809526,-0.3739521612,-2.015738327,0.1701742409,0.8476801137,0.3629994914,-0.9463734738,0.03852952847,1.852438419
223,-1.837979291,-0.2097175772,0.004791474565,-0.4727854927,-2.5047261,0.5344538541,0.9403175282,-0.4460354185,-0.4664661074,2.147599766
224,-0.7880131678,-0.531880668,1.836929327,-0.1218802691,-1.281976433,1.223522195,-0.197876107,0.08616517008,0.6768998401,2.121636822
225,-1.841820421,0.8677629077,-0.0008913345308,-0.2845398593,-2.584325035,-0.3950367361,0.7995636765,-0.8382790482,0.4420896805,2.487948549
226,-1.452969557,0.333846166,-0.2192861222,-0.4571717836,-1.867457637,0.0006003574267,0.8554907243,-0.1446200692,-1.202176149,2.845382485
227,-1.555159396,-1.913253771,0.2787173344,-0.7061379624,-1.847964918,-0.5503789758,0.7627335262,0.4217864947,-1.367217363,2.503489552
228,0.9156821783,-0.06188311849,0.0353268136,0.4943390776,1.761237512,1.788181955,0.8488575786,-0.7168477459,-1.239259156,-0.4349571712
229,0.05561865539,0.5164650128,1.400002377,1.452756451,0.5886410953,1.984169662,0.5900481594,-0.9490026979,-0.976644655,-1.481115496
230,-1.139340373,1.311849789,2.239691882,1.721439217,0.2161667341,0.9907598557,0.410402541,-0.523966729,0.2320762378,-1.856372093
231,2.117615212,2.028340444,0.1958833263,0.3470679119,3.60587051,1.264439473,-0.9056743525,-0.2155225928,1.047371676,-0.8807787383
232,-1.37431735,-1.223366077,2.224512816,1.457236818,1.201324187,2.574033795,-0.7618242636,-0.2014245908,0.3203766896,-1.457995069
233,-2.644788715,0.07098944277,2.457037506,1.233383689,-0.6433149939,0.9871187287,0.8345639477,-0.1621211979,0.7625912513,-0.2175185345
234,-3.100971118,-0.5859925183,-0.2162422467,0.4136178321,-1.448502268,0.6907069593,1.445735078,-0.5195548584,1.043490483,-0.07705097042
235,-3.608604293,-1.536570626,0.4008636739,0.177373235,-2.13186348,0.2261017264,1.794906347,-1.17008121,0.9480598587,-0.1544609116
236,-3.44260344,-0.8550928299,0.2895119265,-0.8020217564,-1.687687596,0.3657496287,2.024725981,-1.159349886,1.248882594,0.05649038236
237,-2.202218173,-5.749456722,1.465822505,1.319659231,-0.3761796938,1.086458484,1.09951014,0.4786347608,0.3876786313,-0.7282798794
238,-1.110775859,-1.787820697,-0.4137532682,0.3456390222,0.6292112114,0.8135778147,0.9569523519,0.8223659574,0.5129053242,-0.8894772522
239,-3.480152123,-1.461080923,-0.6592436524,0.5256522195,0.2434735943,-0.006267103971,0.4251889543,0.4786372612,0.8024842345,-1.534046866
240,-2.352387371,2.782993315,0.829613825,-2.087033246,0.4919929642,-0.3372506249,0.04140285998,-0.7516014892,-0.5531902312,-0.3527837821
241,-1.74124556,0.9859574428,2.500096952,-3.19666979,1.299778788,-1.639691952,0.4122646562,2.432206198,0.4736150106,-0.7509410727
242,-1.200625927,5.423129838,1.966351383,-1.518164039,-0.4336915135,-2.224384445,1.385692995,0.6092413328,1.721245078,-0.6865850572
243,-2.138588067,3.075750599,0.7048110106,-2.454768917,-0.2629420714,-0.7273822179,1.091350049,0.1331602691,-0.5103132653,-0.04195579141
244,-2.403138301,2.573324601,1.977655542,-2.692898583,1.170623579,-2.087884615,0.7013609618,-0.7749086751,1.473094396,-0.128712963
245,-2.511456744,3.264895828,0.7348206032,-2.495553542,1.100959922,-1.711175359,0.7199068073,-0.2081249901,0.829642026,0.2146796242
246,-3.871782659,4.335404323,1.570763126,0.2582615164,-1.738720153,-0.9221664811,-0.00945374101,-0.03732654579,-0.2574482232,-0.1689151209
247,-5.240632878,4.905615369,1.871403516,-0.2249311739,-1.739964096,-0.814514119,-0.04350426002,-1.615474284,0.6445089939,0.1715839901
248,-4.559865192,5.378091887,0.5164440152,0.6307914542,-2.18475732,-1.349854471,0.7393465366,-1.106292419,0.4352347697,0.4301796671
249,-2.449366573,5.111145049,1.893220989,1.914855505,-2.10709133,0.2142970622,-0.4356188781,-1.164843346,1.839893047,0.4296787506
250,-4.257333312,4.629382886,1.539235019,0.5915816427,-2.665497802,-1.354421926,1.203920668,-0.4714218448,0.8789462737,0.5657512129
251,-4.641880586,4.006983162,1.846480014,1.471101768,-2.195410897,-1.313440582,-0.06248784832,-1.148456764,1.176543882,0.2914619416
